Truncate Table System_Modules
Truncate Table System_Modules_Access
Truncate Table System_Modules_AccessLib

/****** Object:  Table [dbo].[System_Modules_AccessLib]    Script Date: 04/12/2012 03:47:12 ******/
INSERT [dbo].[System_Modules_AccessLib] ([System_Modules_AccessLibID], [Desc]) VALUES (1, N'Access')
INSERT [dbo].[System_Modules_AccessLib] ([System_Modules_AccessLibID], [Desc]) VALUES (2, N'New')
INSERT [dbo].[System_Modules_AccessLib] ([System_Modules_AccessLibID], [Desc]) VALUES (3, N'Edit')
INSERT [dbo].[System_Modules_AccessLib] ([System_Modules_AccessLibID], [Desc]) VALUES (4, N'Delete')
INSERT [dbo].[System_Modules_AccessLib] ([System_Modules_AccessLibID], [Desc]) VALUES (5, N'View')
INSERT [dbo].[System_Modules_AccessLib] ([System_Modules_AccessLibID], [Desc]) VALUES (6, N'Approve')
INSERT [dbo].[System_Modules_AccessLib] ([System_Modules_AccessLibID], [Desc]) VALUES (7, N'Post')
INSERT [dbo].[System_Modules_AccessLib] ([System_Modules_AccessLibID], [Desc]) VALUES (8, N'Cancel')
INSERT [dbo].[System_Modules_AccessLib] ([System_Modules_AccessLibID], [Desc]) VALUES (9, N'Unused')
INSERT [dbo].[System_Modules_AccessLib] ([System_Modules_AccessLibID], [Desc]) VALUES (10, N'Unused')
INSERT [dbo].[System_Modules_AccessLib] ([System_Modules_AccessLibID], [Desc]) VALUES (11, N'Unused')
INSERT [dbo].[System_Modules_AccessLib] ([System_Modules_AccessLibID], [Desc]) VALUES (12, N'Unused')
INSERT [dbo].[System_Modules_AccessLib] ([System_Modules_AccessLibID], [Desc]) VALUES (13, N'Unused')
INSERT [dbo].[System_Modules_AccessLib] ([System_Modules_AccessLibID], [Desc]) VALUES (14, N'Unused')
INSERT [dbo].[System_Modules_AccessLib] ([System_Modules_AccessLibID], [Desc]) VALUES (15, N'Unused')
INSERT [dbo].[System_Modules_AccessLib] ([System_Modules_AccessLibID], [Desc]) VALUES (16, N'Unused')
INSERT [dbo].[System_Modules_AccessLib] ([System_Modules_AccessLibID], [Desc]) VALUES (17, N'Unused')
INSERT [dbo].[System_Modules_AccessLib] ([System_Modules_AccessLibID], [Desc]) VALUES (18, N'Unused')
INSERT [dbo].[System_Modules_AccessLib] ([System_Modules_AccessLibID], [Desc]) VALUES (19, N'Unused')
INSERT [dbo].[System_Modules_AccessLib] ([System_Modules_AccessLibID], [Desc]) VALUES (20, N'Unused')
INSERT [dbo].[System_Modules_AccessLib] ([System_Modules_AccessLibID], [Desc]) VALUES (21, N'Unused')
INSERT [dbo].[System_Modules_AccessLib] ([System_Modules_AccessLibID], [Desc]) VALUES (22, N'Unused')
INSERT [dbo].[System_Modules_AccessLib] ([System_Modules_AccessLibID], [Desc]) VALUES (23, N'Unused')
INSERT [dbo].[System_Modules_AccessLib] ([System_Modules_AccessLibID], [Desc]) VALUES (24, N'Unused')
INSERT [dbo].[System_Modules_AccessLib] ([System_Modules_AccessLibID], [Desc]) VALUES (25, N'Unused')
INSERT [dbo].[System_Modules_AccessLib] ([System_Modules_AccessLibID], [Desc]) VALUES (26, N'Unused')
INSERT [dbo].[System_Modules_AccessLib] ([System_Modules_AccessLibID], [Desc]) VALUES (27, N'Unused')
INSERT [dbo].[System_Modules_AccessLib] ([System_Modules_AccessLibID], [Desc]) VALUES (28, N'Unused')
INSERT [dbo].[System_Modules_AccessLib] ([System_Modules_AccessLibID], [Desc]) VALUES (29, N'Unused')
INSERT [dbo].[System_Modules_AccessLib] ([System_Modules_AccessLibID], [Desc]) VALUES (30, N'Unused')
INSERT [dbo].[System_Modules_AccessLib] ([System_Modules_AccessLibID], [Desc]) VALUES (31, N'Unused')
INSERT [dbo].[System_Modules_AccessLib] ([System_Modules_AccessLibID], [Desc]) VALUES (32, N'Unused')
INSERT [dbo].[System_Modules_AccessLib] ([System_Modules_AccessLibID], [Desc]) VALUES (33, N'Unused')
INSERT [dbo].[System_Modules_AccessLib] ([System_Modules_AccessLibID], [Desc]) VALUES (34, N'Unused')
INSERT [dbo].[System_Modules_AccessLib] ([System_Modules_AccessLibID], [Desc]) VALUES (35, N'Unused')
INSERT [dbo].[System_Modules_AccessLib] ([System_Modules_AccessLibID], [Desc]) VALUES (36, N'Unused')
INSERT [dbo].[System_Modules_AccessLib] ([System_Modules_AccessLibID], [Desc]) VALUES (37, N'Unused')
INSERT [dbo].[System_Modules_AccessLib] ([System_Modules_AccessLibID], [Desc]) VALUES (38, N'Unused')
INSERT [dbo].[System_Modules_AccessLib] ([System_Modules_AccessLibID], [Desc]) VALUES (39, N'Unused')
INSERT [dbo].[System_Modules_AccessLib] ([System_Modules_AccessLibID], [Desc]) VALUES (40, N'Unused')
INSERT [dbo].[System_Modules_AccessLib] ([System_Modules_AccessLibID], [Desc]) VALUES (41, N'Unused')
INSERT [dbo].[System_Modules_AccessLib] ([System_Modules_AccessLibID], [Desc]) VALUES (42, N'Unused')
INSERT [dbo].[System_Modules_AccessLib] ([System_Modules_AccessLibID], [Desc]) VALUES (43, N'Unused')
INSERT [dbo].[System_Modules_AccessLib] ([System_Modules_AccessLibID], [Desc]) VALUES (44, N'Unused')
INSERT [dbo].[System_Modules_AccessLib] ([System_Modules_AccessLibID], [Desc]) VALUES (45, N'Unused')
INSERT [dbo].[System_Modules_AccessLib] ([System_Modules_AccessLibID], [Desc]) VALUES (46, N'Unused')
INSERT [dbo].[System_Modules_AccessLib] ([System_Modules_AccessLibID], [Desc]) VALUES (47, N'Unused')
INSERT [dbo].[System_Modules_AccessLib] ([System_Modules_AccessLibID], [Desc]) VALUES (48, N'Unused')
INSERT [dbo].[System_Modules_AccessLib] ([System_Modules_AccessLibID], [Desc]) VALUES (49, N'Unused')
INSERT [dbo].[System_Modules_AccessLib] ([System_Modules_AccessLibID], [Desc]) VALUES (50, N'Unused')
INSERT [dbo].[System_Modules_AccessLib] ([System_Modules_AccessLibID], [Desc]) VALUES (51, N'Unused')
INSERT [dbo].[System_Modules_AccessLib] ([System_Modules_AccessLibID], [Desc]) VALUES (52, N'Unused')
INSERT [dbo].[System_Modules_AccessLib] ([System_Modules_AccessLibID], [Desc]) VALUES (53, N'Unused')
INSERT [dbo].[System_Modules_AccessLib] ([System_Modules_AccessLibID], [Desc]) VALUES (54, N'Unused')
INSERT [dbo].[System_Modules_AccessLib] ([System_Modules_AccessLibID], [Desc]) VALUES (55, N'Unused')
INSERT [dbo].[System_Modules_AccessLib] ([System_Modules_AccessLibID], [Desc]) VALUES (56, N'Unused')
INSERT [dbo].[System_Modules_AccessLib] ([System_Modules_AccessLibID], [Desc]) VALUES (57, N'Unused')
INSERT [dbo].[System_Modules_AccessLib] ([System_Modules_AccessLibID], [Desc]) VALUES (58, N'Unused')
INSERT [dbo].[System_Modules_AccessLib] ([System_Modules_AccessLibID], [Desc]) VALUES (59, N'Unused')
INSERT [dbo].[System_Modules_AccessLib] ([System_Modules_AccessLibID], [Desc]) VALUES (60, N'Unused')
INSERT [dbo].[System_Modules_AccessLib] ([System_Modules_AccessLibID], [Desc]) VALUES (61, N'Unused')
INSERT [dbo].[System_Modules_AccessLib] ([System_Modules_AccessLibID], [Desc]) VALUES (62, N'Unused')
INSERT [dbo].[System_Modules_AccessLib] ([System_Modules_AccessLibID], [Desc]) VALUES (63, N'Unused')
INSERT [dbo].[System_Modules_AccessLib] ([System_Modules_AccessLibID], [Desc]) VALUES (64, N'Unused')
INSERT [dbo].[System_Modules_AccessLib] ([System_Modules_AccessLibID], [Desc]) VALUES (65, N'Unused')
INSERT [dbo].[System_Modules_AccessLib] ([System_Modules_AccessLibID], [Desc]) VALUES (66, N'Unused')
INSERT [dbo].[System_Modules_AccessLib] ([System_Modules_AccessLibID], [Desc]) VALUES (67, N'Unused')
INSERT [dbo].[System_Modules_AccessLib] ([System_Modules_AccessLibID], [Desc]) VALUES (68, N'Unused')
INSERT [dbo].[System_Modules_AccessLib] ([System_Modules_AccessLibID], [Desc]) VALUES (69, N'Unused')
INSERT [dbo].[System_Modules_AccessLib] ([System_Modules_AccessLibID], [Desc]) VALUES (70, N'Unused')
INSERT [dbo].[System_Modules_AccessLib] ([System_Modules_AccessLibID], [Desc]) VALUES (71, N'Unused')
INSERT [dbo].[System_Modules_AccessLib] ([System_Modules_AccessLibID], [Desc]) VALUES (72, N'Unused')
INSERT [dbo].[System_Modules_AccessLib] ([System_Modules_AccessLibID], [Desc]) VALUES (73, N'Unused')
INSERT [dbo].[System_Modules_AccessLib] ([System_Modules_AccessLibID], [Desc]) VALUES (74, N'Unused')
INSERT [dbo].[System_Modules_AccessLib] ([System_Modules_AccessLibID], [Desc]) VALUES (75, N'Unused')
INSERT [dbo].[System_Modules_AccessLib] ([System_Modules_AccessLibID], [Desc]) VALUES (76, N'Unused')
INSERT [dbo].[System_Modules_AccessLib] ([System_Modules_AccessLibID], [Desc]) VALUES (77, N'Unused')
INSERT [dbo].[System_Modules_AccessLib] ([System_Modules_AccessLibID], [Desc]) VALUES (78, N'Unused')
INSERT [dbo].[System_Modules_AccessLib] ([System_Modules_AccessLibID], [Desc]) VALUES (79, N'Unused')
INSERT [dbo].[System_Modules_AccessLib] ([System_Modules_AccessLibID], [Desc]) VALUES (80, N'Unused')
INSERT [dbo].[System_Modules_AccessLib] ([System_Modules_AccessLibID], [Desc]) VALUES (81, N'Unused')
INSERT [dbo].[System_Modules_AccessLib] ([System_Modules_AccessLibID], [Desc]) VALUES (82, N'Unused')
INSERT [dbo].[System_Modules_AccessLib] ([System_Modules_AccessLibID], [Desc]) VALUES (83, N'Unused')
INSERT [dbo].[System_Modules_AccessLib] ([System_Modules_AccessLibID], [Desc]) VALUES (84, N'Unused')
INSERT [dbo].[System_Modules_AccessLib] ([System_Modules_AccessLibID], [Desc]) VALUES (85, N'Unused')
INSERT [dbo].[System_Modules_AccessLib] ([System_Modules_AccessLibID], [Desc]) VALUES (86, N'Unused')
INSERT [dbo].[System_Modules_AccessLib] ([System_Modules_AccessLibID], [Desc]) VALUES (87, N'Unused')
INSERT [dbo].[System_Modules_AccessLib] ([System_Modules_AccessLibID], [Desc]) VALUES (88, N'Unused')
INSERT [dbo].[System_Modules_AccessLib] ([System_Modules_AccessLibID], [Desc]) VALUES (89, N'Unused')
INSERT [dbo].[System_Modules_AccessLib] ([System_Modules_AccessLibID], [Desc]) VALUES (90, N'Unused')
INSERT [dbo].[System_Modules_AccessLib] ([System_Modules_AccessLibID], [Desc]) VALUES (91, N'Unused')
INSERT [dbo].[System_Modules_AccessLib] ([System_Modules_AccessLibID], [Desc]) VALUES (92, N'Unused')
INSERT [dbo].[System_Modules_AccessLib] ([System_Modules_AccessLibID], [Desc]) VALUES (93, N'Unused')
INSERT [dbo].[System_Modules_AccessLib] ([System_Modules_AccessLibID], [Desc]) VALUES (94, N'Unused')
INSERT [dbo].[System_Modules_AccessLib] ([System_Modules_AccessLibID], [Desc]) VALUES (95, N'Unused')
INSERT [dbo].[System_Modules_AccessLib] ([System_Modules_AccessLibID], [Desc]) VALUES (96, N'Unused')
INSERT [dbo].[System_Modules_AccessLib] ([System_Modules_AccessLibID], [Desc]) VALUES (97, N'Unused')
INSERT [dbo].[System_Modules_AccessLib] ([System_Modules_AccessLibID], [Desc]) VALUES (98, N'Unused')
INSERT [dbo].[System_Modules_AccessLib] ([System_Modules_AccessLibID], [Desc]) VALUES (99, N'Unused')
INSERT [dbo].[System_Modules_AccessLib] ([System_Modules_AccessLibID], [Desc]) VALUES (100, N'Unused')
/****** Object:  Table [dbo].[System_Modules_Access]    Script Date: 04/12/2012 03:47:12 ******/
INSERT [dbo].[System_Modules_Access] ([System_Modules_AccessID], [System_ModulesID], [System_Modules_AccessLibID]) VALUES (1, 1, 1)
INSERT [dbo].[System_Modules_Access] ([System_Modules_AccessID], [System_ModulesID], [System_Modules_AccessLibID]) VALUES (101, 2, 1)
INSERT [dbo].[System_Modules_Access] ([System_Modules_AccessID], [System_ModulesID], [System_Modules_AccessLibID]) VALUES (102, 2, 2)
INSERT [dbo].[System_Modules_Access] ([System_Modules_AccessID], [System_ModulesID], [System_Modules_AccessLibID]) VALUES (103, 2, 3)
INSERT [dbo].[System_Modules_Access] ([System_Modules_AccessID], [System_ModulesID], [System_Modules_AccessLibID]) VALUES (104, 2, 4)
INSERT [dbo].[System_Modules_Access] ([System_Modules_AccessID], [System_ModulesID], [System_Modules_AccessLibID]) VALUES (105, 2, 5)
INSERT [dbo].[System_Modules_Access] ([System_Modules_AccessID], [System_ModulesID], [System_Modules_AccessLibID]) VALUES (201, 3, 1)
INSERT [dbo].[System_Modules_Access] ([System_Modules_AccessID], [System_ModulesID], [System_Modules_AccessLibID]) VALUES (202, 3, 2)
INSERT [dbo].[System_Modules_Access] ([System_Modules_AccessID], [System_ModulesID], [System_Modules_AccessLibID]) VALUES (203, 3, 3)
INSERT [dbo].[System_Modules_Access] ([System_Modules_AccessID], [System_ModulesID], [System_Modules_AccessLibID]) VALUES (204, 3, 4)
INSERT [dbo].[System_Modules_Access] ([System_Modules_AccessID], [System_ModulesID], [System_Modules_AccessLibID]) VALUES (205, 3, 5)
INSERT [dbo].[System_Modules_Access] ([System_Modules_AccessID], [System_ModulesID], [System_Modules_AccessLibID]) VALUES (301, 4, 1)
INSERT [dbo].[System_Modules_Access] ([System_Modules_AccessID], [System_ModulesID], [System_Modules_AccessLibID]) VALUES (302, 4, 2)
INSERT [dbo].[System_Modules_Access] ([System_Modules_AccessID], [System_ModulesID], [System_Modules_AccessLibID]) VALUES (303, 4, 3)
INSERT [dbo].[System_Modules_Access] ([System_Modules_AccessID], [System_ModulesID], [System_Modules_AccessLibID]) VALUES (304, 4, 4)
INSERT [dbo].[System_Modules_Access] ([System_Modules_AccessID], [System_ModulesID], [System_Modules_AccessLibID]) VALUES (305, 4, 5)
INSERT [dbo].[System_Modules_Access] ([System_Modules_AccessID], [System_ModulesID], [System_Modules_AccessLibID]) VALUES (306, 4, 6)
INSERT [dbo].[System_Modules_Access] ([System_Modules_AccessID], [System_ModulesID], [System_Modules_AccessLibID]) VALUES (401, 5, 1)
INSERT [dbo].[System_Modules_Access] ([System_Modules_AccessID], [System_ModulesID], [System_Modules_AccessLibID]) VALUES (405, 5, 5)
INSERT [dbo].[System_Modules_Access] ([System_Modules_AccessID], [System_ModulesID], [System_Modules_AccessLibID]) VALUES (406, 5, 6)
INSERT [dbo].[System_Modules_Access] ([System_Modules_AccessID], [System_ModulesID], [System_Modules_AccessLibID]) VALUES (501, 6, 1)
INSERT [dbo].[System_Modules_Access] ([System_Modules_AccessID], [System_ModulesID], [System_Modules_AccessLibID]) VALUES (505, 6, 5)
INSERT [dbo].[System_Modules_Access] ([System_Modules_AccessID], [System_ModulesID], [System_Modules_AccessLibID]) VALUES (601, 7, 1)
INSERT [dbo].[System_Modules_Access] ([System_Modules_AccessID], [System_ModulesID], [System_Modules_AccessLibID]) VALUES (603, 7, 3)
INSERT [dbo].[System_Modules_Access] ([System_Modules_AccessID], [System_ModulesID], [System_Modules_AccessLibID]) VALUES (605, 7, 5)
INSERT [dbo].[System_Modules_Access] ([System_Modules_AccessID], [System_ModulesID], [System_Modules_AccessLibID]) VALUES (701, 8, 1)
/****** Object:  Table [dbo].[System_Modules]    Script Date: 04/12/2012 03:47:12 ******/
INSERT [dbo].[System_Modules] ([System_ModulesID], [System_ModulesID_Parent], [Name], [Code], [Module_List], [Module_Details], [Arguments], [IsHidden], [OrderIndex]) VALUES (1, NULL, N'System Login', N'Sys_Login', NULL, NULL, NULL, 1, 1)
INSERT [dbo].[System_Modules] ([System_ModulesID], [System_ModulesID_Parent], [Name], [Code], [Module_List], [Module_Details], [Arguments], [IsHidden], [OrderIndex]) VALUES (2, NULL, N'User Management', N'User', N'User.aspx', N'User_Details.aspx', NULL, NULL, 2)
INSERT [dbo].[System_Modules] ([System_ModulesID], [System_ModulesID_Parent], [Name], [Code], [Module_List], [Module_Details], [Arguments], [IsHidden], [OrderIndex]) VALUES (3, NULL, N'Roles Management', N'Rights', N'Rights.aspx', N'Rights_Details.aspx', NULL, NULL, 3)
INSERT [dbo].[System_Modules] ([System_ModulesID], [System_ModulesID_Parent], [Name], [Code], [Module_List], [Module_Details], [Arguments], [IsHidden], [OrderIndex]) VALUES (4, NULL, N'Question Management', N'Question', N'Question.aspx', N'Question_Details.aspx', NULL, NULL, 5)
INSERT [dbo].[System_Modules] ([System_ModulesID], [System_ModulesID_Parent], [Name], [Code], [Module_List], [Module_Details], [Arguments], [IsHidden], [OrderIndex]) VALUES (5, NULL, N'Contributor Approval', N'ContributorApproval', N'ContributorApproval.aspx', NULL, NULL, NULL, 4)
INSERT [dbo].[System_Modules] ([System_ModulesID], [System_ModulesID_Parent], [Name], [Code], [Module_List], [Module_Details], [Arguments], [IsHidden], [OrderIndex]) VALUES (6, NULL, N'Exam Reports', N'ExamReport', N'ExamReport.aspx', NULL, NULL, NULL, 7)
INSERT [dbo].[System_Modules] ([System_ModulesID], [System_ModulesID_Parent], [Name], [Code], [Module_List], [Module_Details], [Arguments], [IsHidden], [OrderIndex]) VALUES (7, NULL, N'Configuration', N'Configuration', N'Configuration.aspx', NULL, NULL, NULL, 8)
INSERT [dbo].[System_Modules] ([System_ModulesID], [System_ModulesID_Parent], [Name], [Code], [Module_List], [Module_Details], [Arguments], [IsHidden], [OrderIndex]) VALUES (8, NULL, N'Applicant Exam', N'Exam', N'ExamStart.aspx', NULL, NULL, NULL, 6)
